date,close,sma260,upper_5pct,lower_5pct,previous_state,state,signal
2024-04-04,23740.000000,14046.884615,14749.228846,13344.540385,LONG,LONG,NONE
2024-04-05,22425.000000,14097.557692,14802.435577,13392.679808,LONG,LONG,NONE
2024-04-08,22790.000000,14147.423077,14854.794231,13440.051923,LONG,LONG,NONE
2024-04-09,23200.000000,14199.115385,14909.071154,13489.159615,LONG,LONG,NONE
2024-04-11,23065.000000,14249.346154,14961.813462,13536.878846,LONG,LONG,NONE
2024-04-12,24395.000000,14304.711538,15019.947115,13589.475962,LONG,LONG,NONE
2024-04-15,23550.000000,14358.269231,15076.182692,13640.355769,LONG,LONG,NONE
2024-04-16,22785.000000,14407.288462,15127.652885,13686.924038,LONG,LONG,NONE
2024-04-17,22675.000000,14455.961538,15178.759615,13733.163462,LONG,LONG,NONE
2024-04-18,21810.000000,14502.653846,15227.786538,13777.521154,LONG,LONG,NONE
2024-04-19,20065.000000,14542.826923,15269.968269,13815.685577,LONG,LONG,NONE
2024-04-22,19230.000000,14578.230769,15307.142308,13849.319231,LONG,LONG,NONE
2024-04-23,19360.000000,14612.750000,15343.387500,13882.112500,LONG,LONG,NONE
2024-04-24,20770.000000,14652.057692,15384.660577,13919.454808,LONG,LONG,NONE
2024-04-25,20460.000000,14689.923077,15424.419231,13955.426923,LONG,LONG,NONE
2024-04-26,21550.000000,14733.519231,15470.195192,13996.843269,LONG,LONG,NONE
2024-04-29,22835.000000,14783.403846,15522.574038,14044.233654,LONG,LONG,NONE
2024-04-30,22995.000000,14833.826923,15575.518269,14092.135577,LONG,LONG,NONE
2024-05-02,20850.000000,14876.384615,15620.203846,14132.565385,LONG,LONG,NONE
2024-05-03,20970.000000,14917.807692,15663.698077,14171.917308,LONG,LONG,NONE
2024-05-07,22495.000000,14965.519231,15713.795192,14217.243269,LONG,LONG,NONE
2024-05-08,22555.000000,15015.192308,15765.951923,14264.432692,LONG,LONG,NONE
2024-05-09,22515.000000,15065.115385,15818.371154,14311.859615,LONG,LONG,NONE
2024-05-10,22515.000000,15114.557692,15870.285577,14358.829808,LONG,LONG,NONE
2024-05-13,22880.000000,15165.173077,15923.431731,14406.914423,LONG,LONG,NONE
2024-05-14,22915.000000,15215.826923,15976.618269,14455.035577,LONG,LONG,NONE
2024-05-16,24160.000000,15271.903846,16035.499038,14508.308654,LONG,LONG,NONE
2024-05-17,24280.000000,15328.000000,16094.400000,14561.600000,LONG,LONG,NONE
2024-05-20,24235.000000,15384.596154,16153.825962,14615.366346,LONG,LONG,NONE
2024-05-21,25240.000000,15445.230769,16217.492308,14672.969231,LONG,LONG,NONE
2024-05-22,25310.000000,15507.326923,16282.693269,14731.960577,LONG,LONG,NONE
2024-05-23,26615.000000,15574.269231,16352.982692,14795.555769,LONG,LONG,NONE
2024-05-24,25900.000000,15638.346154,16420.263462,14856.428846,LONG,LONG,NONE
2024-05-27,26590.000000,15703.538462,16488.715385,14918.361538,LONG,LONG,NONE
2024-05-28,26770.000000,15769.846154,16558.338462,14981.353846,LONG,LONG,NONE
2024-05-29,27125.000000,15839.038462,16630.990385,15047.086538,LONG,LONG,NONE
2024-05-30,26650.000000,15905.769231,16701.057692,15110.480769,LONG,LONG,NONE
2024-05-31,26815.000000,15972.923077,16771.569231,15174.276923,LONG,LONG,NONE
2024-06-03,26580.000000,16039.961538,16841.959615,15237.963462,LONG,LONG,NONE
2024-06-04,26350.000000,16105.500000,16910.775000,15300.225000,LONG,LONG,NONE
2024-06-05,26215.000000,16170.326923,16978.843269,15361.810577,LONG,LONG,NONE
2024-06-07,27560.000000,16240.346154,17052.363462,15428.328846,LONG,LONG,NONE
2024-06-10,27645.000000,16309.134615,17124.591346,15493.677885,LONG,LONG,NONE
2024-06-11,28615.000000,16381.346154,17200.413462,15562.278846,LONG,LONG,NONE
2024-06-12,28810.000000,16453.019231,17275.670192,15630.368269,LONG,LONG,NONE
2024-06-13,30930.000000,16530.442308,17356.964423,15703.920192,LONG,LONG,NONE
2024-06-14,31435.000000,16610.923077,17441.469231,15780.376923,LONG,LONG,NONE
2024-06-17,31415.000000,16691.269231,17525.832692,15856.705769,LONG,LONG,NONE
2024-06-18,32630.000000,16777.211538,17616.072115,15938.350962,LONG,LONG,NONE
2024-06-19,33835.000000,16865.730769,17709.017308,16022.444231,LONG,LONG,NONE
2024-06-20,34315.000000,16953.403846,17801.074038,16105.733654,LONG,LONG,NONE
2024-06-21,32140.000000,17027.038462,17878.390385,16175.686538,LONG,LONG,NONE
2024-06-24,31165.000000,17097.865385,17952.758654,16242.972115,LONG,LONG,NONE
2024-06-25,29350.000000,17163.807692,18021.998077,16305.617308,LONG,LONG,NONE
2024-06-26,30705.000000,17234.519231,18096.245192,16372.793269,LONG,LONG,NONE
2024-06-27,29595.000000,17301.634615,18166.716346,16436.552885,LONG,LONG,NONE
2024-06-28,29430.000000,17368.423077,18236.844231,16500.001923,LONG,LONG,NONE
2024-07-01,30065.000000,17438.480769,18310.404808,16566.556731,LONG,LONG,NONE
2024-07-02,29930.000000,17507.288462,18382.652885,16631.924038,LONG,LONG,NONE
2024-07-03,30925.000000,17579.519231,18458.495192,16700.543269,LONG,LONG,NONE
2024-07-04,31745.000000,17652.865385,18535.508654,16770.222115,LONG,LONG,NONE
2024-07-05,31850.000000,17726.057692,18612.360577,16839.754808,LONG,LONG,NONE
2024-07-08,31760.000000,17797.211538,18687.072115,16907.350962,LONG,LONG,NONE
2024-07-09,33320.000000,17875.423077,18769.194231,16981.651923,LONG,LONG,NONE
2024-07-10,33280.000000,17953.788462,18851.477885,17056.099038,LONG,LONG,NONE
2024-07-11,34280.000000,18036.384615,18938.203846,17134.565385,LONG,LONG,NONE
2024-07-12,32025.000000,18110.230769,19015.742308,17204.719231,LONG,LONG,NONE
2024-07-15,33495.000000,18192.192308,19101.801923,17282.582692,LONG,LONG,NONE
2024-07-16,33445.000000,18273.115385,19186.771154,17359.459615,LONG,LONG,NONE
2024-07-17,32505.000000,18351.134615,19268.691346,17433.577885,LONG,LONG,NONE
2024-07-18,30090.000000,18419.750000,19340.737500,17498.762500,LONG,LONG,NONE
2024-07-19,29635.000000,18483.980769,19408.179808,17559.781731,LONG,LONG,NONE
2024-07-22,27885.000000,18540.634615,19467.666346,17613.602885,LONG,LONG,NONE
2024-07-23,29075.000000,18601.634615,19531.716346,17671.552885,LONG,LONG,NONE
2024-07-24,28000.000000,18657.826923,19590.718269,17724.935577,LONG,LONG,NONE
2024-07-25,25730.000000,18705.403846,19640.674038,17770.133654,LONG,LONG,NONE
2024-07-26,25500.000000,18752.307692,19689.923077,17814.692308,LONG,LONG,NONE
2024-07-29,26255.000000,18804.173077,19744.381731,17863.964423,LONG,LONG,NONE
2024-07-30,25200.000000,18852.461538,19795.084615,17909.838462,LONG,LONG,NONE
2024-07-31,25110.000000,18901.192308,19846.251923,17956.132692,LONG,LONG,NONE
2024-08-01,26425.000000,18952.769231,19900.407692,18005.130769,LONG,LONG,NONE
2024-08-02,21425.000000,18985.500000,19934.775000,18036.225000,LONG,LONG,NONE
2024-08-05,16450.000000,18998.057692,19947.960577,18048.154808,LONG,CASH,SELL
2024-08-06,20310.000000,19024.980769,19976.229808,18073.731731,CASH,LONG,BUY
2024-08-07,20380.000000,19053.288462,20005.952885,18100.624038,LONG,LONG,NONE
2024-08-08,18805.000000,19073.788462,20027.477885,18120.099038,LONG,LONG,NONE
2024-08-09,21055.000000,19102.173077,20057.281731,18147.064423,LONG,LONG,NONE
2024-08-12,21025.000000,19131.788462,20088.377885,18175.199038,LONG,LONG,NONE
2024-08-13,21300.000000,19164.250000,20122.462500,18206.037500,LONG,LONG,NONE
2024-08-14,22815.000000,19202.384615,20162.503846,18242.265385,LONG,LONG,NONE
2024-08-16,24990.000000,19249.173077,20211.631731,18286.714423,LONG,LONG,NONE
2024-08-19,23520.000000,19289.326923,20253.793269,18324.860577,LONG,LONG,NONE
2024-08-20,24545.000000,19333.480769,20300.154808,18366.806731,LONG,LONG,NONE
2024-08-21,24050.000000,19373.903846,20342.599038,18405.208654,LONG,LONG,NONE
2024-08-22,24555.000000,19415.115385,20385.871154,18444.359615,LONG,LONG,NONE
2024-08-23,23725.000000,19452.326923,20424.943269,18479.710577,LONG,LONG,NONE
2024-08-26,23815.000000,19489.865385,20464.358654,18515.372115,LONG,LONG,NONE
2024-08-27,22830.000000,19526.480769,20502.804808,18550.156731,LONG,LONG,NONE
2024-08-28,23530.000000,19564.461538,20542.684615,18586.238462,LONG,LONG,NONE
2024-08-29,21740.000000,19595.923077,20575.719231,18616.126923,LONG,LONG,NONE
2024-08-30,22745.000000,19630.769231,20612.307692,18649.230769,LONG,LONG,NONE
2024-09-02,23260.000000,19668.365385,20651.783654,18684.947115,LONG,LONG,NONE
2024-09-03,23200.000000,19707.384615,20692.753846,18722.015385,LONG,LONG,NONE
2024-09-04,19700.000000,19733.019231,20719.670192,18746.368269,LONG,LONG,NONE
2024-09-05,19765.000000,19761.096154,20749.150962,18773.041346,LONG,LONG,NONE
2024-09-06,18990.000000,19784.557692,20773.785577,18795.329808,LONG,LONG,NONE
2024-09-09,18410.000000,19807.500000,20797.875000,18817.125000,LONG,CASH,SELL
2024-09-10,18455.000000,19831.826923,20823.418269,18840.235577,CASH,CASH,NONE
2024-09-11,18840.000000,19857.326923,20850.193269,18864.460577,CASH,CASH,NONE
2024-09-12,21165.000000,19889.038462,20883.490385,18894.586538,CASH,LONG,BUY
2024-09-13,20795.000000,19919.461538,20915.434615,18923.488462,LONG,LONG,NONE
2024-09-19,21300.000000,19949.423077,20946.894231,18951.951923,LONG,LONG,NONE
2024-09-20,21870.000000,19986.903846,20986.249038,18987.558654,LONG,LONG,NONE
2024-09-23,21885.000000,20024.076923,21025.280769,19022.873077,LONG,LONG,NONE
2024-09-24,21870.000000,20060.076923,21063.080769,19057.073077,LONG,LONG,NONE
2024-09-25,21925.000000,20094.269231,21098.982692,19089.555769,LONG,LONG,NONE
2024-09-26,23875.000000,20135.557692,21142.335577,19128.779808,LONG,LONG,NONE
2024-09-27,23450.000000,20175.134615,21183.891346,19166.377885,LONG,LONG,NONE
2024-09-30,22220.000000,20209.173077,21219.631731,19198.714423,LONG,LONG,NONE
2024-10-02,21490.000000,20240.096154,21252.100962,19228.091346,LONG,LONG,NONE
2024-10-04,22425.000000,20274.326923,21288.043269,19260.610577,LONG,LONG,NONE
2024-10-07,23570.000000,20313.615385,21329.296154,19297.934615,LONG,LONG,NONE
2024-10-08,23620.000000,20354.250000,21371.962500,19336.537500,LONG,LONG,NONE
2024-10-10,24700.000000,20399.576923,21419.555769,19379.598077,LONG,LONG,NONE
2024-10-11,24570.000000,20445.076923,21467.330769,19422.823077,LONG,LONG,NONE
2024-10-14,25085.000000,20493.403846,21518.074038,19468.733654,LONG,LONG,NONE
2024-10-15,26235.000000,20545.288462,21572.552885,19518.024038,LONG,LONG,NONE
2024-10-16,23970.000000,20588.230769,21617.642308,19558.819231,LONG,LONG,NONE
2024-10-17,24955.000000,20637.884615,21669.778846,19605.990385,LONG,LONG,NONE
2024-10-18,24460.000000,20685.480769,21719.754808,19651.206731,LONG,LONG,NONE
2024-10-21,24430.000000,20733.403846,21770.074038,19696.733654,LONG,LONG,NONE
2024-10-22,24460.000000,20782.865385,21822.008654,19743.722115,LONG,LONG,NONE
2024-10-23,24585.000000,20833.980769,21875.679808,19792.281731,LONG,LONG,NONE
2024-10-24,24455.000000,20884.153846,21928.361538,19839.946154,LONG,LONG,NONE
2024-10-25,24660.000000,20934.692308,21981.426923,19887.957692,LONG,LONG,NONE
2024-10-28,25305.000000,20987.942308,22037.339423,19938.545192,LONG,LONG,NONE
2024-10-29,25085.000000,21039.769231,22091.757692,19987.780769,LONG,LONG,NONE
2024-10-30,25380.000000,21091.403846,22145.974038,20036.833654,LONG,LONG,NONE
2024-10-31,23760.000000,21137.211538,22194.072115,20080.350962,LONG,LONG,NONE
2024-11-01,22635.000000,21177.153846,22236.011538,20118.296154,LONG,LONG,NONE
2024-11-04,22740.000000,21216.750000,22277.587500,20155.912500,LONG,LONG,NONE
2024-11-05,22380.000000,21254.038462,22316.740385,20191.336538,LONG,LONG,NONE
2024-11-06,24160.000000,21297.615385,22362.496154,20232.734615,LONG,LONG,NONE
2024-11-07,25315.000000,21347.557692,22414.935577,20280.179808,LONG,LONG,NONE
2024-11-08,26100.000000,21399.788462,22469.777885,20329.799038,LONG,LONG,NONE
2024-11-11,25915.000000,21452.519231,22525.145192,20379.893269,LONG,LONG,NONE
2024-11-12,24770.000000,21501.846154,22576.938462,20426.753846,LONG,LONG,NONE
2024-11-13,24285.000000,21551.153846,22628.711538,20473.596154,LONG,LONG,NONE
2024-11-14,23300.000000,21597.326923,22677.193269,20517.460577,LONG,LONG,NONE
2024-11-15,22745.000000,21642.230769,22724.342308,20560.119231,LONG,LONG,NONE
2024-11-18,22040.000000,21684.211538,22768.422115,20600.000962,LONG,LONG,NONE
2024-11-19,22040.000000,21729.230769,22815.692308,20642.769231,LONG,LONG,NONE
2024-11-20,22130.000000,21773.865385,22862.558654,20685.172115,LONG,LONG,NONE
2024-11-21,21785.000000,21816.576923,22907.405769,20725.748077,LONG,LONG,NONE
2024-11-22,22755.000000,21865.230769,22958.492308,20771.969231,LONG,LONG,NONE
2024-11-25,23105.000000,21913.673077,23009.356731,20817.989423,LONG,LONG,NONE
2024-11-26,23025.000000,21960.230769,23058.242308,20862.219231,LONG,LONG,NONE
2024-11-27,22325.000000,22003.846154,23104.038462,20903.653846,LONG,LONG,NONE
2024-11-28,21735.000000,22044.461538,23146.684615,20942.238462,LONG,LONG,NONE
2024-11-29,21985.000000,22085.923077,23190.219231,20981.626923,LONG,LONG,NONE
2024-12-02,22305.000000,22127.923077,23234.319231,21021.526923,LONG,LONG,NONE
2024-12-03,23695.000000,22175.076923,23283.830769,21066.323077,LONG,LONG,NONE
2024-12-04,24210.000000,22224.365385,23335.583654,21113.147115,LONG,LONG,NONE
2024-12-05,24670.000000,22271.942308,23385.539423,21158.345192,LONG,LONG,NONE
2024-12-06,24045.000000,22316.615385,23432.446154,21200.784615,LONG,LONG,NONE
2024-12-09,24760.000000,22362.634615,23480.766346,21244.502885,LONG,LONG,NONE
2024-12-10,24070.000000,22406.019231,23526.320192,21285.718269,LONG,LONG,NONE
2024-12-11,23190.000000,22446.153846,23568.461538,21323.846154,LONG,LONG,NONE
2024-12-12,24230.000000,22489.942308,23614.439423,21365.445192,LONG,LONG,NONE
2024-12-13,24780.000000,22533.923077,23660.619231,21407.226923,LONG,LONG,NONE
2024-12-16,25625.000000,22582.557692,23711.685577,21453.429808,LONG,LONG,NONE
2024-12-17,26740.000000,22635.038462,23766.790385,21503.286538,LONG,LONG,NONE
2024-12-18,26005.000000,22684.192308,23818.401923,21549.982692,LONG,LONG,NONE
2024-12-19,24080.000000,22726.480769,23862.804808,21590.156731,LONG,LONG,NONE
2024-12-20,23400.000000,22766.538462,23904.865385,21628.211538,LONG,LONG,NONE
2024-12-23,24880.000000,22813.211538,23953.872115,21672.550962,LONG,LONG,NONE
2024-12-24,25915.000000,22862.673077,24005.806731,21719.539423,LONG,LONG,NONE
2024-12-26,26840.000000,22915.826923,24061.618269,21770.035577,LONG,LONG,NONE
2024-12-27,26750.000000,22968.653846,24117.086538,21820.221154,LONG,LONG,NONE
2024-12-30,26550.000000,23021.346154,24172.413462,21870.278846,LONG,LONG,NONE
2025-01-02,25525.000000,23069.634615,24223.116346,21916.152885,LONG,LONG,NONE
2025-01-03,25605.000000,23118.480769,24274.404808,21962.556731,LONG,LONG,NONE
2025-01-06,27035.000000,23171.884615,24330.478846,22013.290385,LONG,LONG,NONE
2025-01-07,27650.000000,23226.115385,24387.421154,22064.809615,LONG,LONG,NONE
2025-01-08,27080.000000,23274.576923,24438.305769,22110.848077,LONG,LONG,NONE
2025-01-09,26400.000000,23318.923077,24484.869231,22152.976923,LONG,LONG,NONE
2025-01-10,26595.000000,23363.346154,24531.513462,22195.178846,LONG,LONG,NONE
2025-01-13,25190.000000,23400.230769,24570.242308,22230.219231,LONG,LONG,NONE
2025-01-14,25635.000000,23438.057692,24609.960577,22266.154808,LONG,LONG,NONE
2025-01-15,25465.000000,23474.961538,24648.709615,22301.213462,LONG,LONG,NONE
2025-01-16,26400.000000,23515.153846,24690.911538,22339.396154,LONG,LONG,NONE
2025-01-17,26490.000000,23557.692308,24735.576923,22379.807692,LONG,LONG,NONE
2025-01-20,27315.000000,23602.192308,24782.301923,22422.082692,LONG,LONG,NONE
2025-01-21,27380.000000,23646.250000,24828.562500,22463.937500,LONG,LONG,NONE
2025-01-22,28110.000000,23691.211538,24875.772115,22506.650962,LONG,LONG,NONE
2025-01-23,28410.000000,23737.269231,24924.132692,22550.405769,LONG,LONG,NONE
2025-01-24,28140.000000,23782.788462,24971.927885,22593.649038,LONG,LONG,NONE
2025-01-31,25120.000000,23820.826923,25011.868269,22629.785577,LONG,LONG,NONE
2025-02-03,23280.000000,23853.634615,25046.316346,22660.952885,LONG,LONG,NONE
2025-02-04,23850.000000,23889.346154,25083.813462,22694.878846,LONG,LONG,NONE
2025-02-05,23785.000000,23924.192308,25120.401923,22727.982692,LONG,LONG,NONE
2025-02-06,24795.000000,23959.576923,25157.555769,22761.598077,LONG,LONG,NONE
2025-02-07,24955.000000,23994.673077,25194.406731,22794.939423,LONG,LONG,NONE
2025-02-10,24690.000000,24029.230769,25230.692308,22827.769231,LONG,LONG,NONE
2025-02-11,24820.000000,24064.519231,25267.745192,22861.293269,LONG,LONG,NONE
2025-02-12,25040.000000,24100.076923,25305.080769,22895.073077,LONG,LONG,NONE
2025-02-13,25135.000000,24136.365385,25343.183654,22929.547115,LONG,LONG,NONE
2025-02-14,25365.000000,24170.634615,25379.166346,22962.102885,LONG,LONG,NONE
2025-02-17,25565.000000,24205.903846,25416.199038,22995.608654,LONG,LONG,NONE
2025-02-18,25690.000000,24236.980769,25448.829808,23025.131731,LONG,LONG,NONE
2025-02-19,26265.000000,24264.307692,25477.523077,23051.092308,LONG,LONG,NONE
2025-02-20,26365.000000,24293.000000,25507.650000,23078.350000,LONG,LONG,NONE
2025-02-21,26535.000000,24320.615385,25536.646154,23104.584615,LONG,LONG,NONE
2025-02-24,25130.000000,24340.500000,25557.525000,23123.475000,LONG,LONG,NONE
2025-02-25,23720.000000,24359.307692,25577.273077,23141.342308,LONG,LONG,NONE
2025-02-26,22845.000000,24375.634615,25594.416346,23156.852885,LONG,CASH,SELL
2025-02-27,23735.000000,24394.769231,25614.507692,23175.030769,CASH,CASH,NONE
2025-02-28,21560.000000,24408.480769,25628.904808,23188.056731,CASH,CASH,NONE
2025-03-04,20680.000000,24419.557692,25640.535577,23198.579808,CASH,CASH,NONE
2025-03-05,20950.000000,24431.384615,25652.953846,23209.815385,CASH,CASH,NONE
2025-03-06,20455.000000,24440.153846,25662.161538,23218.146154,CASH,CASH,NONE
2025-03-07,19650.000000,24443.846154,25666.038462,23221.653846,CASH,CASH,NONE
2025-03-10,19990.000000,24450.923077,25673.469231,23228.376923,CASH,CASH,NONE
2025-03-11,18570.000000,24449.634615,25672.116346,23227.152885,CASH,CASH,NONE
2025-03-12,18330.000000,24443.288462,25665.452885,23221.124038,CASH,CASH,NONE
2025-03-13,18470.000000,24438.903846,25660.849038,23216.958654,CASH,CASH,NONE
2025-03-14,19020.000000,24433.615385,25655.296154,23211.934615,CASH,CASH,NONE
2025-03-17,19520.000000,24429.615385,25651.096154,23208.134615,CASH,CASH,NONE
2025-03-18,20180.000000,24429.826923,25651.318269,23208.335577,CASH,CASH,NONE
2025-03-19,20070.000000,24430.076923,25651.580769,23208.573077,CASH,CASH,NONE
2025-03-20,20745.000000,24435.519231,25657.295192,23213.743269,CASH,CASH,NONE
2025-03-21,20325.000000,24435.788462,25657.577885,23213.999038,CASH,CASH,NONE
2025-03-24,20425.000000,24433.250000,25654.912500,23211.587500,CASH,CASH,NONE
2025-03-25,21110.000000,24435.403846,25657.174038,23213.633654,CASH,CASH,NONE
2025-03-26,20820.000000,24435.230769,25656.992308,23213.469231,CASH,CASH,NONE
2025-03-27,19500.000000,24429.557692,25651.035577,23208.079808,CASH,CASH,NONE
2025-03-28,18655.000000,24422.250000,25643.362500,23201.137500,CASH,CASH,NONE
2025-03-31,17045.000000,24397.980769,25617.879808,23178.081731,CASH,CASH,NONE
2025-04-01,17360.000000,24373.634615,25592.316346,23154.952885,CASH,CASH,NONE
2025-04-02,17360.000000,24350.923077,25568.469231,23133.376923,CASH,CASH,NONE
2025-04-03,16495.000000,24321.961538,25538.059615,23105.863462,CASH,CASH,NONE
2025-04-04,13800.000000,24277.826923,25491.718269,23063.935577,CASH,CASH,NONE
2025-04-07,10260.000000,24229.250000,25440.712500,23017.787500,CASH,CASH,NONE
2025-04-08,12990.000000,24191.153846,25400.711538,22981.596154,CASH,CASH,NONE
2025-04-09,11885.000000,24146.692308,25354.026923,22939.357692,CASH,CASH,NONE
2025-04-10,15520.000000,24119.500000,25325.475000,22913.525000,CASH,CASH,NONE
2025-04-11,14080.000000,24090.038462,25294.540385,22885.536538,CASH,CASH,NONE
2025-04-14,14130.000000,24058.846154,25261.788462,22855.903846,CASH,CASH,NONE
2025-04-15,13570.000000,24027.673077,25229.056731,22826.289423,CASH,CASH,NONE
2025-04-16,12625.000000,23993.442308,25193.114423,22793.770192,CASH,CASH,NONE
2025-04-17,13000.000000,23956.461538,25154.284615,22758.638462,CASH,CASH,NONE
2025-04-18,12615.000000,23915.480769,25111.254808,22719.706731,CASH,CASH,NONE
2025-04-21,12090.000000,23872.692308,25066.326923,22679.057692,CASH,CASH,NONE
2025-04-22,12015.000000,23829.365385,25020.833654,22637.897115,CASH,CASH,NONE
2025-04-23,12980.000000,23789.480769,24978.954808,22600.006731,CASH,CASH,NONE
2025-04-24,13530.000000,23751.403846,24938.974038,22563.833654,CASH,CASH,NONE
2025-04-25,15220.000000,23719.711538,24905.697115,22533.725962,CASH,CASH,NONE
2025-04-28,15230.000000,23685.923077,24870.219231,22501.626923,CASH,CASH,NONE
2025-04-29,15275.000000,23651.826923,24834.418269,22469.235577,CASH,CASH,NONE
2025-04-30,14590.000000,23618.961538,24799.909615,22438.013462,CASH,CASH,NONE
2025-05-02,14805.000000,23584.596154,24763.825962,22405.366346,CASH,CASH,NONE
2025-05-07,15115.000000,23556.480769,24734.304808,22378.656731,CASH,CASH,NONE
2025-05-08,15710.000000,23529.250000,24705.712500,22352.787500,CASH,CASH,NONE
2025-05-09,16040.000000,23501.711538,24676.797115,22326.625962,CASH,CASH,NONE
2025-05-12,17040.000000,23478.538462,24652.465385,22304.611538,CASH,CASH,NONE
2025-05-13,18490.000000,23455.826923,24628.618269,22283.035577,CASH,CASH,NONE
2025-05-14,20225.000000,23443.038462,24615.190385,22270.886538,CASH,CASH,NONE
2025-05-15,19365.000000,23429.884615,24601.378846,22258.390385,CASH,CASH,NONE
2025-05-16,19075.000000,23416.038462,24586.840385,22245.236538,CASH,CASH,NONE
2025-05-19,18590.000000,23403.653846,24573.836538,22233.471154,CASH,CASH,NONE
2025-05-20,18720.000000,23398.480769,24568.404808,22228.556731,CASH,CASH,NONE
2025-05-21,18560.000000,23395.903846,24565.699038,22226.108654,CASH,CASH,NONE
2025-05-22,17980.000000,23390.596154,24560.125962,22221.066346,CASH,CASH,NONE
2025-05-23,17460.000000,23377.865385,24546.758654,22208.972115,CASH,CASH,NONE
2025-05-26,17250.000000,23365.519231,24533.795192,22197.243269,CASH,CASH,NONE
2025-05-27,17430.000000,23349.673077,24517.156731,22182.189423,CASH,CASH,NONE
2025-05-28,18200.000000,23331.846154,24498.438462,22165.253846,CASH,CASH,NONE
2025-05-29,19015.000000,23316.538462,24482.365385,22150.711538,CASH,CASH,NONE
2025-05-30,18210.000000,23306.384615,24471.703846,22141.065385,CASH,CASH,NONE
2025-06-02,17045.000000,23291.288462,24455.852885,22126.724038,CASH,CASH,NONE
2025-06-04,18700.000000,23276.692308,24440.526923,22112.857692,CASH,CASH,NONE
2025-06-05,18825.000000,23262.346154,24425.463462,22099.228846,CASH,CASH,NONE
2025-06-09,18780.000000,23247.980769,24410.379808,22085.581731,CASH,CASH,NONE
2025-06-10,19880.000000,23237.846154,24399.738462,22075.953846,CASH,CASH,NONE
2025-06-11,20805.000000,23229.865385,24391.358654,22068.372115,CASH,CASH,NONE
2025-06-12,20240.000000,23219.576923,24380.555769,22058.598077,CASH,CASH,NONE
2025-06-13,19900.000000,23203.192308,24363.351923,22043.032692,CASH,CASH,NONE
2025-06-16,19780.000000,23185.884615,24345.178846,22026.590385,CASH,CASH,NONE
2025-06-17,20585.000000,23171.846154,24330.438462,22013.253846,CASH,CASH,NONE
2025-06-18,20730.000000,23154.500000,24312.225000,21996.775000,CASH,CASH,NONE
2025-06-19,20760.000000,23137.000000,24293.850000,21980.150000,CASH,CASH,NONE
2025-06-20,20710.000000,23114.288462,24270.002885,21958.574038,CASH,CASH,NONE
2025-06-23,20710.000000,23094.326923,24249.043269,21939.610577,CASH,CASH,NONE
2025-06-24,21160.000000,23073.442308,24227.114423,21919.770192,CASH,CASH,NONE
2025-06-25,22040.000000,23055.250000,24208.012500,21902.487500,CASH,CASH,NONE
2025-06-26,22485.000000,23037.403846,24189.274038,21885.533654,CASH,CASH,NONE
2025-06-27,22745.000000,23022.384615,24173.503846,21871.265385,CASH,CASH,NONE
2025-06-30,22845.000000,23007.115385,24157.471154,21856.759615,CASH,CASH,NONE
2025-07-01,22585.000000,22991.750000,24141.337500,21842.162500,CASH,CASH,NONE
2025-07-02,22640.000000,22977.480769,24126.354808,21828.606731,CASH,CASH,NONE
2025-07-03,23360.000000,22966.500000,24114.825000,21818.175000,CASH,CASH,NONE
2025-07-04,23345.000000,22950.288462,24097.802885,21802.774038,CASH,CASH,NONE
2025-07-07,23455.000000,22934.173077,24080.881731,21787.464423,CASH,CASH,NONE
2025-07-08,23260.000000,22913.576923,24059.255769,21767.898077,CASH,CASH,NONE
2025-07-09,23970.000000,22894.961538,24039.709615,21750.213462,CASH,CASH,NONE
2025-07-10,24065.000000,22868.557692,24011.985577,21725.129808,CASH,LONG,BUY
2025-07-11,24500.000000,22841.884615,23983.978846,21699.790385,LONG,LONG,NONE
2025-07-14,24510.000000,22815.326923,23956.093269,21674.560577,LONG,LONG,NONE
2025-07-15,24910.000000,22785.634615,23924.916346,21646.352885,LONG,LONG,NONE
2025-07-16,25000.000000,22751.653846,23889.236538,21614.071154,LONG,LONG,NONE
2025-07-17,25615.000000,22718.192308,23854.101923,21582.282692,LONG,LONG,NONE
2025-07-18,25730.000000,22693.538462,23828.215385,21558.861538,LONG,LONG,NONE
2025-07-21,25605.000000,22672.153846,23805.761538,21538.546154,LONG,LONG,NONE
2025-07-22,25105.000000,22655.826923,23788.618269,21523.035577,LONG,LONG,NONE
2025-07-23,23965.000000,22629.903846,23761.399038,21498.408654,LONG,LONG,NONE
2025-07-24,24095.000000,22608.750000,23739.187500,21478.312500,LONG,LONG,NONE
2025-07-25,24200.000000,22588.634615,23718.066346,21459.202885,LONG,LONG,NONE
2025-07-28,24710.000000,22568.038462,23696.440385,21439.636538,LONG,LONG,NONE
2025-07-29,25515.000000,22551.057692,23678.610577,21423.504808,LONG,LONG,NONE
2025-07-30,25350.000000,22529.615385,23656.096154,21403.134615,LONG,LONG,NONE
2025-07-31,25680.000000,22506.288462,23631.602885,21380.974038,LONG,LONG,NONE
2025-08-01,24275.000000,22477.153846,23601.011538,21353.296154,LONG,LONG,NONE
2025-08-04,23615.000000,22445.826923,23568.118269,21323.535577,LONG,LONG,NONE
2025-08-05,24465.000000,22411.769231,23532.357692,21291.180769,LONG,LONG,NONE
2025-08-06,23755.000000,22375.134615,23493.891346,21256.377885,LONG,LONG,NONE
2025-08-07,23800.000000,22334.826923,23451.568269,21218.085577,LONG,LONG,NONE
2025-08-08,24280.000000,22305.038462,23420.290385,21189.786538,LONG,LONG,NONE
2025-08-11,24695.000000,22271.192308,23384.751923,21157.632692,LONG,LONG,NONE
2025-08-12,24670.000000,22237.442308,23349.314423,21125.570192,LONG,LONG,NONE
2025-08-13,25855.000000,22211.865385,23322.458654,21101.272115,LONG,LONG,NONE
2025-08-14,26155.000000,22196.730769,23306.567308,21086.894231,LONG,LONG,NONE
2025-08-18,25315.000000,22180.115385,23289.121154,21071.109615,LONG,LONG,NONE
2025-08-19,25450.000000,22170.750000,23279.287500,21062.212500,LONG,LONG,NONE
2025-08-20,24565.000000,22153.403846,23261.074038,21045.733654,LONG,LONG,NONE
2025-08-21,24710.000000,22140.750000,23247.787500,21033.712500,LONG,LONG,NONE
2025-08-22,24035.000000,22134.230769,23240.942308,21027.519231,LONG,LONG,NONE
2025-08-25,25295.000000,22133.442308,23240.114423,21026.770192,LONG,LONG,NONE
2025-08-26,25445.000000,22130.326923,23236.843269,21023.810577,LONG,LONG,NONE
2025-08-27,26145.000000,22133.961538,23240.659615,21027.263462,LONG,LONG,NONE
2025-08-28,25600.000000,22135.846154,23242.638462,21029.053846,LONG,LONG,NONE
2025-08-29,25845.000000,22133.615385,23240.296154,21026.934615,LONG,LONG,NONE
2025-09-01,24555.000000,22145.653846,23252.936538,21038.371154,LONG,LONG,NONE
2025-09-02,24495.000000,22176.596154,23285.425962,21067.766346,LONG,LONG,NONE
2025-09-03,24025.000000,22190.884615,23300.428846,21081.340385,LONG,LONG,NONE
2025-09-04,24015.000000,22204.865385,23315.108654,21094.622115,LONG,LONG,NONE
2025-09-05,24935.000000,22228.442308,23339.864423,21117.020192,LONG,LONG,NONE
2025-09-08,25400.000000,22245.153846,23357.411538,21132.896154,LONG,LONG,NONE
2025-09-09,25770.000000,22263.403846,23376.574038,21150.233654,LONG,LONG,NONE
2025-09-10,26145.000000,22282.038462,23396.140385,21167.936538,LONG,LONG,NONE
2025-09-11,27040.000000,22298.288462,23413.202885,21183.374038,LONG,LONG,NONE
2025-09-12,27370.000000,22307.442308,23422.814423,21192.070192,LONG,LONG,NONE
2025-09-15,27365.000000,22322.230769,23438.342308,21206.119231,LONG,LONG,NONE
2025-09-16,27755.000000,22334.576923,23451.305769,21217.848077,LONG,LONG,NONE
2025-09-17,27790.000000,22348.961538,23466.409615,21231.513462,LONG,LONG,NONE
2025-09-18,28345.000000,22363.538462,23481.715385,21245.361538,LONG,LONG,NONE
2025-09-19,30075.000000,22387.961538,23507.359615,21268.563462,LONG,LONG,NONE
2025-09-22,29780.000000,22410.903846,23531.449038,21290.358654,LONG,LONG,NONE
2025-09-23,30660.000000,22441.019231,23563.070192,21318.968269,LONG,LONG,NONE
2025-09-24,30800.000000,22468.980769,23592.429808,21345.531731,LONG,LONG,NONE
2025-09-25,30675.000000,22503.346154,23628.513462,21378.178846,LONG,LONG,NONE
2025-09-26,31210.000000,22535.903846,23662.699038,21409.108654,LONG,LONG,NONE
2025-09-29,31095.000000,22566.038462,23694.340385,21437.736538,LONG,LONG,NONE
2025-09-30,31055.000000,22596.250000,23726.062500,21466.437500,LONG,LONG,NONE
2025-10-01,30990.000000,22639.673077,23771.656731,21507.689423,LONG,LONG,NONE
2025-10-02,32860.000000,22690.038462,23824.540385,21555.536538,LONG,LONG,NONE
2025-10-10,37165.000000,22759.942308,23897.939423,21621.945192,LONG,LONG,NONE
2025-10-13,35250.000000,22824.711538,23965.947115,21683.475962,LONG,LONG,NONE
2025-10-14,35475.000000,22890.173077,24034.681731,21745.664423,LONG,LONG,NONE
2025-10-15,35500.000000,22954.250000,24101.962500,21806.537500,LONG,LONG,NONE
2025-10-16,36455.000000,23013.057692,24163.710577,21862.404808,LONG,LONG,NONE
2025-10-17,35400.000000,23069.230769,24222.692308,21915.769231,LONG,LONG,NONE
2025-10-20,36770.000000,23128.730769,24285.167308,21972.294231,LONG,LONG,NONE
2025-10-21,37370.000000,23188.346154,24347.763462,22028.928846,LONG,LONG,NONE
2025-10-22,37045.000000,23246.653846,24408.986538,22084.321154,LONG,LONG,NONE
2025-10-23,36250.000000,23301.961538,24467.059615,22136.863462,LONG,LONG,NONE
2025-10-24,38515.000000,23365.769231,24534.057692,22197.480769,LONG,LONG,NONE
2025-10-27,40430.000000,23429.442308,24600.914423,22257.970192,LONG,LONG,NONE
2025-10-28,41215.000000,23497.769231,24672.657692,22322.880769,LONG,LONG,NONE
2025-10-29,42460.000000,23575.615385,24754.396154,22396.834615,LONG,LONG,NONE
2025-10-30,42695.000000,23657.173077,24840.031731,22474.314423,LONG,LONG,NONE
2025-10-31,41955.000000,23732.288462,24918.902885,22545.674038,LONG,LONG,NONE
2025-11-03,41940.000000,23802.942308,24993.089423,22612.795192,LONG,LONG,NONE
2025-11-04,40895.000000,23869.384615,25062.853846,22675.915385,LONG,LONG,NONE
2025-11-05,39330.000000,23925.653846,25121.936538,22729.371154,LONG,LONG,NONE
2025-11-06,42135.000000,23993.211538,25192.872115,22793.550962,LONG,LONG,NONE
2025-11-07,40995.000000,24054.403846,25257.124038,22851.683654,LONG,LONG,NONE
2025-11-10,41445.000000,24112.903846,25318.549038,22907.258654,LONG,LONG,NONE
2025-11-11,42170.000000,24182.903846,25392.049038,22973.758654,LONG,LONG,NONE
2025-11-12,41710.000000,24247.346154,25459.713462,23034.978846,LONG,LONG,NONE
2025-11-13,42145.000000,24315.365385,25531.133654,23099.597115,LONG,LONG,NONE
2025-11-14,37830.000000,24366.903846,25585.249038,23148.558654,LONG,LONG,NONE
2025-11-17,38590.000000,24421.250000,25642.312500,23200.187500,LONG,LONG,NONE
2025-11-18,36275.000000,24466.211538,25689.522115,23242.900962,LONG,LONG,NONE
2025-11-19,35235.000000,24507.673077,25733.056731,23282.289423,LONG,LONG,NONE
2025-11-20,39270.000000,24563.865385,25792.058654,23335.672115,LONG,LONG,NONE
2025-11-21,33815.000000,24596.596154,25826.425962,23366.766346,LONG,LONG,NONE
2025-11-24,34845.000000,24634.134615,25865.841346,23402.427885,LONG,LONG,NONE
2025-11-25,36850.000000,24678.250000,25912.162500,23444.337500,LONG,LONG,NONE
2025-11-26,37580.000000,24731.403846,25967.974038,23494.833654,LONG,LONG,NONE
2025-11-27,39090.000000,24794.692308,26034.426923,23554.957692,LONG,LONG,NONE
2025-11-28,39945.000000,24860.865385,26103.908654,23617.822115,LONG,LONG,NONE
2025-12-01,39590.000000,24927.057692,26173.410577,23680.704808,LONG,LONG,NONE
2025-12-02,40900.000000,24991.442308,26241.014423,23741.870192,LONG,LONG,NONE
2025-12-03,42880.000000,25059.000000,26311.950000,23806.050000,LONG,LONG,NONE
2025-12-04,43565.000000,25126.173077,26382.481731,23869.864423,LONG,LONG,NONE
2025-12-05,43740.000000,25194.730769,26454.467308,23934.994231,LONG,LONG,NONE
2025-12-08,44295.000000,25269.826923,26533.318269,24006.335577,LONG,LONG,NONE
2025-12-09,45000.000000,25349.500000,26616.975000,24082.025000,LONG,LONG,NONE
2025-12-10,45020.000000,25433.038462,26704.690385,24161.386538,LONG,LONG,NONE
2025-12-11,44540.000000,25516.865385,26792.708654,24241.022115,LONG,LONG,NONE
2025-12-12,45485.000000,25607.038462,26887.390385,24326.686538,LONG,LONG,NONE
2025-12-15,41455.000000,25681.711538,26965.797115,24397.625962,LONG,LONG,NONE
2025-12-16,39515.000000,25748.576923,27036.005769,24461.148077,LONG,LONG,NONE
2025-12-17,40725.000000,25821.423077,27112.494231,24530.351923,LONG,LONG,NONE
2025-12-18,38340.000000,25881.365385,27175.433654,24587.297115,LONG,LONG,NONE
2025-12-19,39485.000000,25944.365385,27241.583654,24647.147115,LONG,LONG,NONE
2025-12-22,42045.000000,26017.519231,27318.395192,24716.643269,LONG,LONG,NONE
2025-12-23,42050.000000,26093.384615,27398.053846,24788.715385,LONG,LONG,NONE
2025-12-24,41250.000000,26168.442308,27476.864423,24860.020192,LONG,LONG,NONE
2025-12-26,41210.000000,26242.384615,27554.503846,24930.265385,LONG,LONG,NONE
2025-12-29,40110.000000,26310.865385,27626.408654,24995.322115,LONG,LONG,NONE
2025-12-30,40415.000000,26375.173077,27693.931731,25056.414423,LONG,LONG,NONE
2026-01-02,40450.000000,26437.634615,27759.516346,25115.752885,LONG,LONG,NONE
2026-01-05,43550.000000,26510.250000,27835.762500,25184.737500,LONG,LONG,NONE
2026-01-06,44260.000000,26588.000000,27917.400000,25258.600000,LONG,LONG,NONE
2026-01-07,45805.000000,26668.942308,28002.389423,25335.495192,LONG,LONG,NONE
2026-01-08,44405.000000,26747.153846,28084.511538,25409.796154,LONG,LONG,NONE
2026-01-09,44400.000000,26828.730769,28170.167308,25487.294231,LONG,LONG,NONE
2026-01-12,45990.000000,26912.423077,28258.044231,25566.801923,LONG,LONG,NONE
2026-01-13,48150.000000,27002.307692,28352.423077,25652.192308,LONG,LONG,NONE
2026-01-14,49495.000000,27094.115385,28448.821154,25739.409615,LONG,LONG,NONE
2026-01-15,49630.000000,27182.153846,28541.261538,25823.046154,LONG,LONG,NONE
2026-01-16,51455.000000,27280.038462,28644.040385,25916.036538,LONG,LONG,NONE
2026-01-19,50435.000000,27381.403846,28750.474038,26012.333654,LONG,LONG,NONE
2026-01-20,49795.000000,27482.923077,28857.069231,26108.776923,LONG,LONG,NONE
2026-01-21,50530.000000,27581.576923,28960.655769,26202.498077,LONG,LONG,NONE
2026-01-22,53050.000000,27685.942308,29070.239423,26301.645192,LONG,LONG,NONE
2026-01-23,52455.000000,27784.461538,29173.684615,26395.238462,LONG,LONG,NONE
2026-01-26,49270.000000,27871.076923,29264.630769,26477.523077,LONG,LONG,NONE
2026-01-27,50525.000000,27963.288462,29361.452885,26565.124038,LONG,LONG,NONE
2026-01-28,52830.000000,28068.307692,29471.723077,26664.892308,LONG,LONG,NONE
2026-01-29,53225.000000,28174.538462,29583.265385,26765.811538,LONG,LONG,NONE
2026-01-30,51845.000000,28269.961538,29683.459615,26856.463462,LONG,LONG,NONE
2026-02-02,48140.000000,28348.769231,29766.207692,26931.330769,LONG,LONG,NONE
2026-02-03,52605.000000,28446.942308,29869.289423,27024.595192,LONG,LONG,NONE
2026-02-04,49720.000000,28536.634615,29963.466346,27109.802885,LONG,LONG,NONE
2026-02-05,47615.000000,28617.480769,30048.354808,27186.606731,LONG,LONG,NONE
2026-02-06,47135.000000,28701.884615,30136.978846,27266.790385,LONG,LONG,NONE
2026-02-09,51185.000000,28800.153846,30240.161538,27360.146154,LONG,LONG,NONE
2026-02-10,52630.000000,28904.634615,30349.866346,27459.402885,LONG,LONG,NONE
2026-02-11,51700.000000,29001.942308,30452.039423,27551.845192,LONG,LONG,NONE
2026-02-12,53420.000000,29105.519231,30560.795192,27650.243269,LONG,LONG,NONE
2026-02-13,51165.000000,29197.250000,30657.112500,27737.387500,LONG,LONG,NONE
2026-02-19,52600.000000,29294.250000,30758.962500,27829.537500,LONG,LONG,NONE
2026-02-20,52205.000000,29386.923077,30856.269231,27917.576923,LONG,LONG,NONE
2026-02-23,51230.000000,29474.692308,30948.426923,28000.957692,LONG,LONG,NONE
2026-02-24,52560.000000,29568.615385,31047.046154,28090.184615,LONG,LONG,NONE
2026-02-25,52925.000000,29675.557692,31159.335577,28191.779808,LONG,LONG,NONE
2026-02-26,54025.000000,29793.807692,31283.498077,28304.117308,LONG,LONG,NONE
2026-02-27,51250.000000,29899.192308,31394.151923,28404.232692,LONG,LONG,NONE
2026-03-03,50090.000000,30000.365385,31500.383654,28500.347115,LONG,LONG,NONE
2026-03-04,46660.000000,30084.461538,31588.684615,28580.238462,LONG,LONG,NONE
2026-03-05,49585.000000,30179.192308,31688.151923,28670.232692,LONG,LONG,NONE
2026-03-06,50450.000000,30278.269231,31792.182692,28764.355769,LONG,LONG,NONE
2026-03-09,47195.000000,30364.326923,31882.543269,28846.110577,LONG,LONG,NONE
2026-03-10,48175.000000,30453.307692,31975.973077,28930.642308,LONG,LONG,NONE
2026-03-11,48995.000000,30545.076923,32072.330769,29017.823077,LONG,LONG,NONE
2026-03-12,49445.000000,30637.692308,32169.576923,29105.807692,LONG,LONG,NONE
2026-03-13,48520.000000,30725.980769,32262.279808,29189.681731,LONG,LONG,NONE
2026-03-16,49355.000000,30817.000000,32357.850000,29276.150000,LONG,LONG,NONE
2026-03-17,49120.000000,30904.903846,32450.149038,29359.658654,LONG,LONG,NONE
2026-03-18,51130.000000,31000.153846,32550.161538,29450.146154,LONG,LONG,NONE
2026-03-19,50195.000000,31091.153846,32645.711538,29536.596154,LONG,LONG,NONE
2026-03-20,51165.000000,31191.288462,32750.852885,29631.724038,LONG,LONG,NONE
2026-03-23,48530.000000,31286.711538,32851.047115,29722.375962,LONG,LONG,NONE
2026-03-24,49300.000000,31388.461538,32957.884615,29819.038462,LONG,LONG,NONE
2026-03-25,52110.000000,31497.596154,33072.475962,29922.716346,LONG,LONG,NONE
2026-03-26,52375.000000,31616.115385,33196.921154,30035.309615,LONG,LONG,NONE
2026-03-27,49695.000000,31727.711538,33314.097115,30141.325962,LONG,LONG,NONE
2026-03-30,47035.000000,31828.038462,33419.440385,30236.636538,LONG,LONG,NONE
2026-03-31,44385.000000,31920.076923,33516.080769,30324.073077,LONG,LONG,NONE
2026-04-01,48720.000000,32031.884615,33633.478846,30430.290385,LONG,LONG,NONE
2026-04-02,48270.000000,32140.653846,33747.686538,30533.621154,LONG,LONG,NONE
2026-04-03,50410.000000,32263.115385,33876.271154,30649.959615,LONG,LONG,NONE
2026-04-06,51145.000000,32389.326923,34008.793269,30769.860577,LONG,LONG,NONE
2026-04-07,51240.000000,32515.365385,34141.133654,30889.597115,LONG,LONG,NONE
2026-04-08,55255.000000,32654.730769,34287.467308,31021.994231,LONG,LONG,NONE
2026-04-09,57160.000000,32799.500000,34439.475000,31159.525000,LONG,LONG,NONE
2026-04-10,60275.000000,32953.711538,34601.397115,31306.025962,LONG,LONG,NONE
2026-04-13,62220.000000,33115.826923,34771.618269,31460.035577,LONG,LONG,NONE
2026-04-14,65725.000000,33288.826923,34953.268269,31624.385577,LONG,LONG,NONE
2026-04-15,66380.000000,33465.961538,35139.259615,31792.663462,LONG,LONG,NONE
2026-04-16,68445.000000,33650.653846,35333.186538,31968.121154,LONG,LONG,NONE
2026-04-17,69310.000000,33836.038462,35527.840385,32144.236538,LONG,LONG,NONE
2026-04-20,71305.000000,34030.211538,35731.722115,32328.700962,LONG,LONG,NONE
2026-04-21,73170.000000,34236.634615,35948.466346,32524.802885,LONG,LONG,NONE
2026-04-22,75270.000000,34454.384615,36177.103846,32731.665385,LONG,LONG,NONE
2026-04-23,78860.000000,34692.134615,36426.741346,32957.527885,LONG,LONG,NONE
2026-04-24,84175.000000,34949.115385,36696.571154,33201.659615,LONG,LONG,NONE
2026-04-27,88750.000000,35223.692308,36984.876923,33462.507692,LONG,LONG,NONE
2026-04-28,83380.000000,35480.942308,37254.989423,33706.895192,LONG,LONG,NONE
2026-04-29,81445.000000,35741.115385,37528.171154,33954.059615,LONG,LONG,NONE
2026-04-30,83055.000000,36021.096154,37822.150962,34220.041346,LONG,LONG,NONE
2026-05-04,88185.000000,36310.307692,38125.823077,34494.792308,LONG,LONG,NONE
2026-05-06,95060.000000,36630.211538,38461.722115,34798.700962,LONG,LONG,NONE
2026-05-07,98990.000000,36951.250000,38798.812500,35103.687500,LONG,LONG,NONE
2026-05-08,99310.000000,37279.057692,39143.010577,35415.104808,LONG,LONG,NONE
2026-05-11,108680.000000,37642.711538,39524.847115,35760.575962,LONG,LONG,NONE
2026-05-12,112245.000000,38022.230769,39923.342308,36121.119231,LONG,LONG,NONE
2026-05-13,113040.000000,38408.442308,40328.864423,36488.020192,LONG,LONG,NONE
2026-05-14,116295.000000,38805.730769,40746.017308,36865.444231,LONG,LONG,NONE
2026-05-15,110705.000000,39183.000000,41142.150000,37223.850000,LONG,LONG,NONE
2026-05-18,106950.000000,39547.846154,41525.238462,37570.453846,LONG,LONG,NONE
2026-05-19,101695.000000,39892.769231,41887.407692,37898.130769,LONG,LONG,NONE
2026-05-20,104990.000000,40246.653846,42258.986538,38234.321154,LONG,LONG,NONE
2026-05-21,113035.000000,40629.365385,42660.833654,38597.897115,LONG,LONG,NONE
2026-05-22,118610.000000,41027.019231,43078.370192,38975.668269,LONG,LONG,NONE
2026-05-26,125135.000000,41449.730769,43522.217308,39377.244231,LONG,LONG,NONE
2026-05-27,133175.000000,41903.192308,43998.351923,39808.032692,LONG,LONG,NONE
2026-05-28,126055.000000,42331.903846,44448.499038,40215.308654,LONG,LONG,NONE
2026-05-29,134100.000000,42790.730769,44930.267308,40651.194231,LONG,LONG,NONE
2026-06-01,134955.000000,43251.653846,45414.236538,41089.071154,LONG,LONG,NONE
2026-06-02,138565.000000,43724.173077,45910.381731,41537.964423,LONG,LONG,NONE
2026-06-04,154600.000000,44257.096154,46469.950962,42044.241346,LONG,LONG,NONE
2026-06-05,147635.000000,44759.384615,46997.353846,42521.415385,LONG,LONG,NONE
2026-06-08,125420.000000,45170.653846,47429.186538,42912.121154,LONG,LONG,NONE
2026-06-09,136780.000000,45618.942308,47899.889423,43337.995192,LONG,LONG,NONE
2026-06-10,126295.000000,46030.211538,48331.722115,43728.700962,LONG,LONG,NONE
2026-06-11,124360.000000,46435.153846,48756.911538,44113.396154,LONG,LONG,NONE
2026-06-12,136215.000000,46887.557692,49231.935577,44543.179808,LONG,LONG,NONE
2026-06-15,152140.000000,47400.711538,49770.747115,45030.675962,LONG,LONG,NONE
2026-06-16,155330.000000,47926.750000,50323.087500,45530.412500,LONG,LONG,NONE
2026-06-17,145220.000000,48416.134615,50836.941346,45995.327885,LONG,LONG,NONE
2026-06-18,151930.000000,48933.326923,51379.993269,46486.660577,LONG,LONG,NONE
2026-06-19,160255.000000,49483.346154,51957.513462,47009.178846,LONG,LONG,NONE
2026-06-22,167055.000000,50058.826923,52561.768269,47555.885577,LONG,LONG,NONE
2026-06-23,158210.000000,50597.326923,53127.193269,48067.460577,LONG,LONG,NONE
2026-06-24,152030.000000,51108.923077,53664.369231,48553.476923,LONG,LONG,NONE
2026-06-25,160440.000000,51655.961538,54238.759615,49073.163462,LONG,LONG,NONE
2026-06-26,147155.000000,52156.384615,54764.203846,49548.565385,LONG,LONG,NONE
2026-06-29,145290.000000,52643.269231,55275.432692,50011.105769,LONG,LONG,NONE
2026-06-30,154015.000000,53163.230769,55821.392308,50505.069231,LONG,LONG,NONE
2026-07-01,162020.000000,53714.153846,56399.861538,51028.446154,LONG,LONG,NONE
2026-07-02,141610.000000,54182.346154,56891.463462,51473.228846,LONG,LONG,NONE
2026-07-03,131010.000000,54606.211538,57336.522115,51875.900962,LONG,LONG,NONE
2026-07-06,129295.000000,55025.653846,57776.936538,52274.371154,LONG,LONG,NONE
2026-07-07,122720.000000,55421.115385,58192.171154,52650.059615,LONG,LONG,NONE
2026-07-08,110900.000000,55771.576923,58560.155769,52982.998077,LONG,LONG,NONE
2026-07-09,121740.000000,56160.634615,58968.666346,53352.602885,LONG,LONG,NONE
2026-07-10,123875.000000,56557.346154,59385.213462,53729.478846,LONG,LONG,NONE
2026-07-13,116670.000000,56926.230769,59772.542308,54079.919231,LONG,LONG,NONE
2026-07-14,115240.000000,57289.807692,60154.298077,54425.317308,LONG,LONG,NONE
2026-07-15,122160.000000,57680.000000,60564.000000,54796.000000,LONG,LONG,NONE
2026-07-16,111660.000000,58028.076923,60929.480769,55126.673077,LONG,LONG,NONE
2026-07-20,97975.000000,58320.134615,61236.141346,55404.127885,LONG,LONG,NONE
2026-07-21,103680.000000,58632.423077,61564.044231,55700.801923,LONG,LONG,NONE
2026-07-22,103190.000000,58941.826923,61888.918269,55994.735577,LONG,LONG,NONE
2026-07-23,107805.000000,59268.596154,62232.025962,56305.166346,LONG,LONG,NONE
2026-07-24,104410.000000,59583.307692,62562.473077,56604.142308,LONG,LONG,NONE
2026-07-27,102800.000000,59891.615385,62886.196154,56897.034615,LONG,LONG,NONE
2026-07-28,86710.000000,60135.269231,63142.032692,57128.505769,LONG,LONG,NONE
2026-07-29,78595.000000,60347.769231,63365.157692,57330.380769,LONG,LONG,NONE
2026-07-30,72775.000000,60537.461538,63564.334615,57510.588462,LONG,LONG,NONE
2026-07-31,88645.000000,60788.942308,63828.389423,57749.495192,LONG,LONG,NONE
2026-08-03,85125.000000,61024.153846,64075.361538,57972.946154,LONG,LONG,NONE
2026-08-04,87320.000000,61267.442308,64330.814423,58204.070192,LONG,LONG,NONE
2026-08-05,96810.000000,61545.557692,64622.835577,58468.279808,LONG,LONG,NONE
2026-08-06,91020.000000,61801.365385,64891.433654,58711.297115,LONG,LONG,NONE
2026-08-07,93580.000000,62065.480769,65168.754808,58962.206731,LONG,LONG,NONE
2026-08-10,98495.000000,62348.153846,65465.561538,59230.746154,LONG,LONG,NONE
2026-08-11,91960.000000,62603.326923,65733.493269,59473.160577,LONG,LONG,NONE
2026-08-12,93880.000000,62865.442308,66008.714423,59722.170192,LONG,LONG,NONE
2026-08-13,98255.000000,63144.865385,66302.108654,59987.622115,LONG,LONG,NONE
2026-08-14,97365.000000,63422.788462,66593.927885,60251.649038,LONG,LONG,NONE
2026-08-18,96620.000000,63702.230769,66887.342308,60517.119231,LONG,LONG,NONE
2026-08-19,86045.000000,63940.500000,67137.525000,60743.475000,LONG,LONG,NONE
2026-08-20,86060.000000,64178.423077,67387.344231,60969.501923,LONG,LONG,NONE
2026-08-21,84500.000000,64408.384615,67628.803846,61187.965385,LONG,LONG,NONE
2026-08-24,79220.000000,64614.942308,67845.689423,61384.195192,LONG,LONG,NONE
2026-08-25,80410.000000,64826.711538,68068.047115,61585.375962,LONG,LONG,NONE
2026-08-26,79865.000000,65035.115385,68286.871154,61783.359615,LONG,LONG,NONE
2026-08-27,82955.000000,65260.807692,68523.848077,61997.767308,LONG,LONG,NONE
2026-08-28,80675.000000,65480.269231,68754.282692,62206.255769,LONG,LONG,NONE
2026-08-31,77560.000000,65684.480769,68968.704808,62400.256731,LONG,LONG,NONE
2026-09-01,77600.000000,65891.576923,69186.155769,62596.998077,LONG,LONG,NONE
2026-09-02,72590.000000,66079.230769,69383.192308,62775.269231,LONG,LONG,NONE
2026-09-03,72910.000000,66266.269231,69579.582692,62952.955769,LONG,LONG,NONE
2026-09-04,73985.000000,66455.846154,69778.638462,63133.053846,LONG,LONG,NONE
2026-09-07,76575.000000,66655.480769,69988.254808,63322.706731,LONG,LONG,NONE
2026-09-08,77855.000000,66855.480769,70198.254808,63512.706731,LONG,LONG,NONE
2026-09-09,78170.000000,67055.538462,70408.315385,63702.761538,LONG,LONG,NONE
2026-09-10,77830.000000,67257.519231,70620.395192,63894.643269,LONG,LONG,NONE
2026-09-11,75645.000000,67450.576923,70823.105769,64078.048077,LONG,LONG,NONE
2026-09-14,74350.000000,67642.057692,71024.160577,64259.954808,LONG,LONG,NONE
2026-09-15,70435.000000,67817.923077,71208.819231,64427.026923,LONG,LONG,NONE
2026-09-16,72835.000000,68005.615385,71405.896154,64605.334615,LONG,LONG,NONE
2026-09-17,75270.000000,68197.826923,71607.718269,64787.935577,LONG,LONG,NONE
2026-09-18,80350.000000,68409.000000,71829.450000,64988.550000,LONG,LONG,NONE
2026-09-21,85150.000000,68635.942308,72067.739423,65204.145192,LONG,LONG,NONE
2026-09-22,86345.000000,68869.576923,72313.055769,65426.098077,LONG,LONG,NONE
